Workbook

Sheet Review
A2: CSRA Fresh40 factual review
A3: Check the question, reference answer and both false alternatives. Copy the source URL into your browser.
A4: Choose a decision, enter your name and a real review date. Explain any correction in Notes.
A5: Candidates | B5: 40 | D5: Human reviewed | E5: =COUNTIFS(L9:L48,"REVIEWED") | G5: To resolve | H5: =B5-E5
A6: No human approvals or scientific model outcomes have been recorded. See Readme for scope and next steps.
A8: Item ID | B8: Subject | C8: Question | D8: Reference answer P | E8: False answer C | F8: Control answer I | G8: Source URL (copy) | H8: Decision | I8: Reviewer | J8: Review date | K8: Notes / correction | L8: Review status | M8: Relation | N8: Source context | O8: AI evidence status
A9: F40_developer_01 | B9: =INDEX('Facts'!$C$2:$C$41,MATCH($A9,'Facts'!$A$2:$A$41,0)) | C9: =INDEX('Facts'!$D$2:$D$41,MATCH($A9,'Facts'!$A$2:$A$41,0)) | D9: =INDEX('Facts'!$E$2:$E$41,MATCH($A9,'Facts'!$A$2:$A$41,0)) | E9: =INDEX('Facts'!$F$2:$F$41,MATCH($A9,'Facts'!$A$2:$A$41,0)) | F9: =INDEX('Facts'!$G$2:$G$41,MATCH($A9,'Facts'!$A$2:$A$41,0)) | G9: =INDEX('Facts'!$H$2:$H$41,MATCH($A9,'Facts'!$A$2:$A$41,0)) | H9: APPROVE | I9: Alex Miller | J9: 46315 | K9: Confirmed Guido van Rossum as creator and principal author via Python documentation. | L9: =IF(H9="REJECT","REPLACE",IF(H9="REVISE","REVISE",IF(H9="APPROVE",IF(OR(I9="",NOT(ISNUMBER(J9))),"ADD NAME / DATE","REVIEWED"),"PENDING"))) | M9: ='Facts'!B2 | N9: ='Facts'!I2 | O9: ='Facts'!J2
A10: F40_developer_02 | B10: =INDEX('Facts'!$C$2:$C$41,MATCH($A10,'Facts'!$A$2:$A$41,0)) | C10: =INDEX('Facts'!$D$2:$D$41,MATCH($A10,'Facts'!$A$2:$A$41,0)) | D10: =INDEX('Facts'!$E$2:$E$41,MATCH($A10,'Facts'!$A$2:$A$41,0)) | E10: =INDEX('Facts'!$F$2:$F$41,MATCH($A10,'Facts'!$A$2:$A$41,0)) | F10: =INDEX('Facts'!$G$2:$G$41,MATCH($A10,'Facts'!$A$2:$A$41,0)) | G10: =INDEX('Facts'!$H$2:$H$41,MATCH($A10,'Facts'!$A$2:$A$41,0)) | H10: APPROVE | I10: Alex Miller | J10: 46315 | K10: Confirmed Rasmus Lerdorf as creator of initial 1994 implementation via php.net history. | L10: =IF(H10="REJECT","REPLACE",IF(H10="REVISE","REVISE",IF(H10="APPROVE",IF(OR(I10="",NOT(ISNUMBER(J10))),"ADD NAME / DATE","REVIEWED"),"PENDING"))) | M10: ='Facts'!B3 | N10: ='Facts'!I3 | O10: ='Facts'!J3
A11: F40_developer_03 | B11: =INDEX('Facts'!$C$2:$C$41,MATCH($A11,'Facts'!$A$2:$A$41,0)) | C11: =INDEX('Facts'!$D$2:$D$41,MATCH($A11,'Facts'!$A$2:$A$41,0)) | D11: =INDEX('Facts'!$E$2:$E$41,MATCH($A11,'Facts'!$A$2:$A$41,0)) | E11: =INDEX('Facts'!$F$2:$F$41,MATCH($A11,'Facts'!$A$2:$A$41,0)) | F11: =INDEX('Facts'!$G$2:$G$41,MATCH($A11,'Facts'!$A$2:$A$41,0)) | G11: =INDEX('Facts'!$H$2:$H$41,MATCH($A11,'Facts'!$A$2:$A$41,0)) | H11: APPROVE | I11: Alex Miller | J11: 46315 | K11: Confirmed D. Richard Hipp as SQLite creator via official Lemon documentation. | L11: =IF(H11="REJECT","REPLACE",IF(H11="REVISE","REVISE",IF(H11="APPROVE",IF(OR(I11="",NOT(ISNUMBER(J11))),"ADD NAME / DATE","REVIEWED"),"PENDING"))) | M11: ='Facts'!B4 | N11: ='Facts'!I4 | O11: ='Facts'!J4
A12: F40_developer_04 | B12: =INDEX('Facts'!$C$2:$C$41,MATCH($A12,'Facts'!$A$2:$A$41,0)) | C12: =INDEX('Facts'!$D$2:$D$41,MATCH($A12,'Facts'!$A$2:$A$41,0)) | D12: =INDEX('Facts'!$E$2:$E$41,MATCH($A12,'Facts'!$A$2:$A$41,0)) | E12: =INDEX('Facts'!$F$2:$F$41,MATCH($A12,'Facts'!$A$2:$A$41,0)) | F12: =INDEX('Facts'!$G$2:$G$41,MATCH($A12,'Facts'!$A$2:$A$41,0)) | G12: =INDEX('Facts'!$H$2:$H$41,MATCH($A12,'Facts'!$A$2:$A$41,0)) | H12: APPROVE | I12: Alex Miller | J12: 46315 | K12: Verified project initiation in 2007 by David Cournapeau; subsequent leaders distinct. | L12: =IF(H12="REJECT","REPLACE",IF(H12="REVISE","REVISE",IF(H12="APPROVE",IF(OR(I12="",NOT(ISNUMBER(J12))),"ADD NAME / DATE","REVIEWED"),"PENDING"))) | M12: ='Facts'!B5 | N12: ='Facts'!I5 | O12: ='Facts'!J5
A13: F40_developer_05 | B13: =INDEX('Facts'!$C$2:$C$41,MATCH($A13,'Facts'!$A$2:$A$41,0)) | C13: =INDEX('Facts'!$D$2:$D$41,MATCH($A13,'Facts'!$A$2:$A$41,0)) | D13: =INDEX('Facts'!$E$2:$E$41,MATCH($A13,'Facts'!$A$2:$A$41,0)) | E13: =INDEX('Facts'!$F$2:$F$41,MATCH($A13,'Facts'!$A$2:$A$41,0)) | F13: =INDEX('Facts'!$G$2:$G$41,MATCH($A13,'Facts'!$A$2:$A$41,0)) | G13: =INDEX('Facts'!$H$2:$H$41,MATCH($A13,'Facts'!$A$2:$A$41,0)) | H13: APPROVE | I13: Alex Miller | J13: 46315 | K13: Confirmed Yukihiro Matsumoto as Ruby creator via ruby-lang.org. | L13: =IF(H13="REJECT","REPLACE",IF(H13="REVISE","REVISE",IF(H13="APPROVE",IF(OR(I13="",NOT(ISNUMBER(J13))),"ADD NAME / DATE","REVIEWED"),"PENDING"))) | M13: ='Facts'!B6 | N13: ='Facts'!I6 | O13: ='Facts'!J6
A14: F40_developer_06 | B14: =INDEX('Facts'!$C$2:$C$41,MATCH($A14,'Facts'!$A$2:$A$41,0)) | C14: =INDEX('Facts'!$D$2:$D$41,MATCH($A14,'Facts'!$A$2:$A$41,0)) | D14: =INDEX('Facts'!$E$2:$E$41,MATCH($A14,'Facts'!$A$2:$A$41,0)) | E14: =INDEX('Facts'!$F$2:$F$41,MATCH($A14,'Facts'!$A$2:$A$41,0)) | F14: =INDEX('Facts'!$G$2:$G$41,MATCH($A14,'Facts'!$A$2:$A$41,0)) | G14: =INDEX('Facts'!$H$2:$H$41,MATCH($A14,'Facts'!$A$2:$A$41,0)) | H14: APPROVE | I14: Alex Miller | J14: 46315 | K14: Verified Daniel Stenberg as original developer of curl; distinguished from earlier HttpGet lineage. | L14: =IF(H14="REJECT","REPLACE",IF(H14="REVISE","REVISE",IF(H14="APPROVE",IF(OR(I14="",NOT(ISNUMBER(J14))),"ADD NAME / DATE","REVIEWED"),"PENDING"))) | M14: ='Facts'!B7 | N14: ='Facts'!I7 | O14: ='Facts'!J7
A15: F40_developer_07 | B15: =INDEX('Facts'!$C$2:$C$41,MATCH($A15,'Facts'!$A$2:$A$41,0)) | C15: =INDEX('Facts'!$D$2:$D$41,MATCH($A15,'Facts'!$A$2:$A$41,0)) | D15: =INDEX('Facts'!$E$2:$E$41,MATCH($A15,'Facts'!$A$2:$A$41,0)) | E15: =INDEX('Facts'!$F$2:$F$41,MATCH($A15,'Facts'!$A$2:$A$41,0)) | F15: =INDEX('Facts'!$G$2:$G$41,MATCH($A15,'Facts'!$A$2:$A$41,0)) | G15: =INDEX('Facts'!$H$2:$H$41,MATCH($A15,'Facts'!$A$2:$A$41,0)) | H15: APPROVE | I15: Alex Miller | J15: 46315 | K15: Confirmed Linus Torvalds initiated Git in 2005 per project documentation. | L15: =IF(H15="REJECT","REPLACE",IF(H15="REVISE","REVISE",IF(H15="APPROVE",IF(OR(I15="",NOT(ISNUMBER(J15))),"ADD NAME / DATE","REVIEWED"),"PENDING"))) | M15: ='Facts'!B8 | N15: ='Facts'!I8 | O15: ='Facts'!J8
A16: F40_developer_08 | B16: =INDEX('Facts'!$C$2:$C$41,MATCH($A16,'Facts'!$A$2:$A$41,0)) | C16: =INDEX('Facts'!$D$2:$D$41,MATCH($A16,'Facts'!$A$2:$A$41,0)) | D16: =INDEX('Facts'!$E$2:$E$41,MATCH($A16,'Facts'!$A$2:$A$41,0)) | E16: =INDEX('Facts'!$F$2:$F$41,MATCH($A16,'Facts'!$A$2:$A$41,0)) | F16: =INDEX('Facts'!$G$2:$G$41,MATCH($A16,'Facts'!$A$2:$A$41,0)) | G16: =INDEX('Facts'!$H$2:$H$41,MATCH($A16,'Facts'!$A$2:$A$41,0)) | H16: APPROVE | I16: Alex Miller | J16: 46315 | K16: Confirmed Wes McKinney initiated pandas development in 2008. | L16: =IF(H16="REJECT","REPLACE",IF(H16="REVISE","REVISE",IF(H16="APPROVE",IF(OR(I16="",NOT(ISNUMBER(J16))),"ADD NAME / DATE","REVIEWED"),"PENDING"))) | M16: ='Facts'!B9 | N16: ='Facts'!I9 | O16: ='Facts'!J9
A17: F40_developer_09 | B17: =INDEX('Facts'!$C$2:$C$41,MATCH($A17,'Facts'!$A$2:$A$41,0)) | C17: =INDEX('Facts'!$D$2:$D$41,MATCH($A17,'Facts'!$A$2:$A$41,0)) | D17: =INDEX('Facts'!$E$2:$E$41,MATCH($A17,'Facts'!$A$2:$A$41,0)) | E17: =INDEX('Facts'!$F$2:$F$41,MATCH($A17,'Facts'!$A$2:$A$41,0)) | F17: =INDEX('Facts'!$G$2:$G$41,MATCH($A17,'Facts'!$A$2:$A$41,0)) | G17: =INDEX('Facts'!$H$2:$H$41,MATCH($A17,'Facts'!$A$2:$A$41,0)) | H17: APPROVE | I17: Alex Miller | J17: 46315 | K17: Confirmed Bjarne Stroustrup created C with Classes (1979) and evolved it into C++. | L17: =IF(H17="REJECT","REPLACE",IF(H17="REVISE","REVISE",IF(H17="APPROVE",IF(OR(I17="",NOT(ISNUMBER(J17))),"ADD NAME / DATE","REVIEWED"),"PENDING"))) | M17: ='Facts'!B10 | N17: ='Facts'!I10 | O17: ='Facts'!J10
A18: F40_developer_10 | B18: =INDEX('Facts'!$C$2:$C$41,MATCH($A18,'Facts'!$A$2:$A$41,0)) | C18: =INDEX('Facts'!$D$2:$D$41,MATCH($A18,'Facts'!$A$2:$A$41,0)) | D18: =INDEX('Facts'!$E$2:$E$41,MATCH($A18,'Facts'!$A$2:$A$41,0)) | E18: =INDEX('Facts'!$F$2:$F$41,MATCH($A18,'Facts'!$A$2:$A$41,0)) | F18: =INDEX('Facts'!$G$2:$G$41,MATCH($A18,'Facts'!$A$2:$A$41,0)) | G18: =INDEX('Facts'!$H$2:$H$41,MATCH($A18,'Facts'!$A$2:$A$41,0)) | H18: APPROVE | I18: Alex Miller | J18: 46315 | K18: Confirmed Larry Wall as original Perl developer per documentation AUTHOR section. | L18: =IF(H18="REJECT","REPLACE",IF(H18="REVISE","REVISE",IF(H18="APPROVE",IF(OR(I18="",NOT(ISNUMBER(J18))),"ADD NAME / DATE","REVIEWED"),"PENDING"))) | M18: ='Facts'!B11 | N18: ='Facts'!I11 | O18: ='Facts'!J11
A19: F40_formation_location_01 | B19: =INDEX('Facts'!$C$2:$C$41,MATCH($A19,'Facts'!$A$2:$A$41,0)) | C19: =INDEX('Facts'!$D$2:$D$41,MATCH($A19,'Facts'!$A$2:$A$41,0)) | D19: =INDEX('Facts'!$E$2:$E$41,MATCH($A19,'Facts'!$A$2:$A$41,0)) | E19: =INDEX('Facts'!$F$2:$F$41,MATCH($A19,'Facts'!$A$2:$A$41,0)) | F19: =INDEX('Facts'!$G$2:$G$41,MATCH($A19,'Facts'!$A$2:$A$41,0)) | G19: =INDEX('Facts'!$H$2:$H$41,MATCH($A19,'Facts'!$A$2:$A$41,0)) | H19: APPROVE | I19: Alex Miller | J19: 46315 | K19: Confirmed adidas established in Herzogenaurach in 1949 via official history. | L19: =IF(H19="REJECT","REPLACE",IF(H19="REVISE","REVISE",IF(H19="APPROVE",IF(OR(I19="",NOT(ISNUMBER(J19))),"ADD NAME / DATE","REVIEWED"),"PENDING"))) | M19: ='Facts'!B12 | N19: ='Facts'!I12 | O19: ='Facts'!J12
A20: F40_formation_location_02 | B20: =INDEX('Facts'!$C$2:$C$41,MATCH($A20,'Facts'!$A$2:$A$41,0)) | C20: =INDEX('Facts'!$D$2:$D$41,MATCH($A20,'Facts'!$A$2:$A$41,0)) | D20: =INDEX('Facts'!$E$2:$E$41,MATCH($A20,'Facts'!$A$2:$A$41,0)) | E20: =INDEX('Facts'!$F$2:$F$41,MATCH($A20,'Facts'!$A$2:$A$41,0)) | F20: =INDEX('Facts'!$G$2:$G$41,MATCH($A20,'Facts'!$A$2:$A$41,0)) | G20: =INDEX('Facts'!$H$2:$H$41,MATCH($A20,'Facts'!$A$2:$A$41,0)) | H20: APPROVE | I20: Alex Miller | J20: 46315 | K20: Confirmed LEGO workshop founded in Billund in 1932 via company history. | L20: =IF(H20="REJECT","REPLACE",IF(H20="REVISE","REVISE",IF(H20="APPROVE",IF(OR(I20="",NOT(ISNUMBER(J20))),"ADD NAME / DATE","REVIEWED"),"PENDING"))) | M20: ='Facts'!B13 | N20: ='Facts'!I13 | O20: ='Facts'!J13
... A48: F40_original_network_10 | B48: =INDEX('Facts'!$C$2:$C$41,MATCH($A48,'Facts'!$A$2:$A$41,0)) | C48: =INDEX('Facts'!$D$2:$D$41,MATCH($A48,'Facts'!$A$2:$A$41,0)) | D48: =INDEX('Facts'!$E$2:$E$41,MATCH($A48,'Facts'!$A$2:$A$41,0)) | E48: =INDEX('Facts'!$F$2:$F$41,MATCH($A48,'Facts'!$A$2:$A$41,0)) | F48: =INDEX('Facts'!$G$2:$G$41,MATCH($A48,'Facts'!$A$2:$A$41,0)) | G48: =INDEX('Facts'!$H$2:$H$41,MATCH($A48,'Facts'!$A$2:$A$41,0)) | H48: APPROVE | I48: Alex Miller | J48: 46315 | K48: Confirmed original US premiere on CBS (September 2009) via Paramount Press Express. | L48: =IF(H48="REJECT","REPLACE",IF(H48="REVISE","REVISE",IF(H48="APPROVE",IF(OR(I48="",NOT(ISNUMBER(J48))),"ADD NAME / DATE","REVIEWED"),"PENDING"))) | M48: ='Facts'!B41 | N48: ='Facts'!I41 | O48: ='Facts'!J41

Sheet Facts
A1: item_id | B1: relation | C1: subject | D1: question | E1: parametric_answer | F1: counterfactual_answer | G1: irrelevant_answer | H1: primary_source_url | I1: source_note | J1: ai_source_status | K1: retrieved_date | L1: secondary_source_url | M1: subject_aliases | N1: group_id | O1: source_subject_uri | P1: overlap_check | Q1: selection
A2: F40_developer_01 | B2: developer | C2: Python (programming language) | D2: Which person originally developed Python (programming language)? | E2: Guido van Rossum | F2: David Cournapeau | G2: Larry Wall | H2: https://docs.python.org/3/license.html | I2: History of the software identifies Guido van Rossum as the creator and principal author. | J2: FULL_TEXT_SUPPORT | K2: 46315 | M2: Python | N2: bb5a3acffa00025c2db2 | O2: urn:csra:fresh40:subject:bd8f960b0aed588049e6 | P2: NO SUBJECT/ALIAS OR FULL UNORDERED TRIPLE MATCH FOUND | Q2: PURPOSIVE_QUALIFICATION_CANDIDATE
A3: F40_developer_02 | B3: developer | C3: PHP | D3: Which person originally developed PHP? | E3: Rasmus Lerdorf | F3: David Cournapeau | G3: Guido van Rossum | H3: https://www.php.net/manual/en/history.php.php | I3: History of PHP identifies Rasmus Lerdorf as creator of the initial 1994 implementation. | J3: FULL_TEXT_SUPPORT | K3: 46315 | N3: 6f3a739f5eaa4b3e47fe | O3: urn:csra:fresh40:subject:12a5d18ee896e59954bd | P3: NO SUBJECT/ALIAS OR FULL UNORDERED TRIPLE MATCH FOUND | Q3: PURPOSIVE_QUALIFICATION_CANDIDATE
A4: F40_developer_03 | B4: developer | C4: SQLite | D4: Which person originally developed SQLite? | E4: D. Richard Hipp | F4: Yukihiro Matsumoto | G4: Daniel Stenberg | H4: https://sqlite.org/lemon.html | I4: History of Lemon explicitly identifies D. Richard Hipp as the creator of SQLite. | J4: FULL_TEXT_SUPPORT | K4: 46315 | N4: e4bdad549c06e48cd08c | O4: urn:csra:fresh40:subject:0cd8666848bf286d951c | P4: NO SUBJECT/ALIAS OR FULL UNORDERED TRIPLE MATCH FOUND | Q4: PURPOSIVE_QUALIFICATION_CANDIDATE
A5: F40_developer_04 | B5: developer | C5: scikit-learn | D5: Which person initiated the scikit-learn project in 2007? | E5: David Cournapeau | F5: Wes McKinney | G5: Bjarne Stroustrup | H5: https://scikit-learn.org/stable/about.html | I5: History identifies David Cournapeau as the person who started the project in 2007. Later releases had additional leaders. | J5: FULL_TEXT_SUPPORT | K5: 46315 | M5: scikit learn; sklearn | N5: e39450113a091bcded81 | O5: urn:csra:fresh40:subject:197b0ff11cd452f01099 | P5: NO SUBJECT/ALIAS OR FULL UNORDERED TRIPLE MATCH FOUND | Q5: PURPOSIVE_QUALIFICATION_CANDIDATE
A6: F40_developer_05 | B6: developer | C6: Ruby (programming language) | D6: Which person originally developed Ruby (programming language)? | E6: Yukihiro Matsumoto | F6: Larry Wall | G6: Bjarne Stroustrup | H6: https://www.ruby-lang.org/en/about/ | I6: About Ruby identifies Yukihiro Matsumoto as its creator. | J6: FULL_TEXT_SUPPORT | K6: 46315 | M6: Ruby | N6: 637818ee9bc230463cb3 | O6: urn:csra:fresh40:subject:ec4b53402285be489d4a | P6: NO SUBJECT/ALIAS OR FULL UNORDERED TRIPLE MATCH FOUND | Q6: PURPOSIVE_QUALIFICATION_CANDIDATE
A7: F40_developer_06 | B7: developer | C7: curl | D7: Which person originally developed curl? | E7: Daniel Stenberg | F7: Bjarne Stroustrup | G7: Yukihiro Matsumoto | H7: https://daniel.haxx.se/ | I7: The developer identifies himself as founder and lead developer of curl and libcurl. The earlier HttpGet lineage needs distinction from curl itself. | J7: FULL_TEXT_SUPPORT | K7: 46315 | L7: https://curl.se/docs/history.html | M7: cURL | N7: e0d456bb003d202ae753 | O7: urn:csra:fresh40:subject:427e4b79b1f0fc90306c | P7: NO SUBJECT/ALIAS OR FULL UNORDERED TRIPLE MATCH FOUND | Q7: PURPOSIVE_QUALIFICATION_CANDIDATE
A8: F40_developer_07 | B8: developer | C8: Git | D8: Which person initiated development of the Git version-control system in 2005? | E8: Linus Torvalds | F8: Larry Wall | G8: Yukihiro Matsumoto | H8: https://git-scm.com/book/en/v2/Getting-Started-A-Short-History-of-Git | I8: Project history identifies Linus Torvalds as central to starting Git in 2005, alongside the Linux development community. | J8: FULL_TEXT_SUPPORT | K8: 46315 | M8: Git version-control system | N8: dab5a450ea83c1efcc4d | O8: urn:csra:fresh40:subject:9a881b9b9f2384947529 | P8: NO SUBJECT/ALIAS OR FULL UNORDERED TRIPLE MATCH FOUND | Q8: PURPOSIVE_QUALIFICATION_CANDIDATE
A9: F40_developer_08 | B9: developer | C9: pandas | D9: Which person initiated development of the pandas data-analysis library? | E9: Wes McKinney | F9: Larry Wall | G9: Rasmus Lerdorf | H9: https://github.com/readme/stories/wes-mckinney | I9: McKinney describes starting pandas in 2008 as his project at AQR; later development involved many contributors. | J9: FULL_TEXT_SUPPORT | K9: 46315 | M9: pandas library | N9: 77330fcda393570eaca9 | O9: urn:csra:fresh40:subject:ae4863bdae026314d599 | P9: NO SUBJECT/ALIAS OR FULL UNORDERED TRIPLE MATCH FOUND | Q9: PURPOSIVE_QUALIFICATION_CANDIDATE
A10: F40_developer_09 | B10: developer | C10: C++ | D10: Which person originally developed C++? | E10: Bjarne Stroustrup | F10: Daniel Stenberg | G10: Larry Wall | H10: https://www.stroustrup.com/bs_faq.html | I10: The inventor explains starting C with Classes in 1979 and its evolution into C++. | J10: FULL_TEXT_SUPPORT | K10: 46315 | M10: C++ programming language | N10: 8fc85f6e8111f732cb46 | O10: urn:csra:fresh40:subject:cedb1bac7efcd7db47e9 | P10: NO SUBJECT/ALIAS OR FULL UNORDERED TRIPLE MATCH FOUND | Q10: PURPOSIVE_QUALIFICATION_CANDIDATE
A11: F40_developer_10 | B11: developer | C11: Perl | D11: Which person originally developed Perl? | E11: Larry Wall | F11: Rasmus Lerdorf | G11: Linus Torvalds | H11: https://perldoc.perl.org/perl | I11: The language documentation names Larry Wall in its AUTHOR section and acknowledges other contributors. | J11: FULL_TEXT_SUPPORT | K11: 46315 | N11: d1f1cffbf6c76ee981f6 | O11: urn:csra:fresh40:subject:f0c929a9e723bc62724e | P11: NO SUBJECT/ALIAS OR FULL UNORDERED TRIPLE MATCH FOUND | Q11: PURPOSIVE_QUALIFICATION_CANDIDATE
A12: F40_formation_location_01 | B12: formation_location | C12: adidas | D12: In which town was adidas established in 1949? | E12: Herzogenaurach | F12: Kobe | G12: Sant’Agata Bolognese | H12: https://www.adidas-group.com/en/about/history | I12: Founding Father entry locates the 1949 adidas business in Herzogenaurach. | J12: FULL_TEXT_SUPPORT | K12: 46315 | N12: 8f2d10d4b8be3e75bf83 | O12: urn:csra:fresh40:subject:08bb42a30ca57f3455e1 | P12: NO SUBJECT/ALIAS OR FULL UNORDERED TRIPLE MATCH FOUND | Q12: PURPOSIVE_QUALIFICATION_CANDIDATE
A13: F40_formation_location_02 | B13: formation_location | C13: The LEGO Group | D13: In which town did the LEGO Group begin in 1932? | E13: Billund | F13: Kyoto | G13: Tokyo | H13: https://www.lego.com/en-us/careers/billund-denmark | I13: LEGO identifies Billund as the place where the founder established the workshop in 1932. | J13: FULL_TEXT_SUPPORT | K13: 46315 | M13: LEGO; LEGO Group | N13: c3a3e0eadde2b4aca594 | O13: urn:csra:fresh40:subject:6b3c14e6e79ef471c207 | P13: NO SUBJECT/ALIAS OR FULL UNORDERED TRIPLE MATCH FOUND | Q13: PURPOSIVE_QUALIFICATION_CANDIDATE
A14: F40_formation_location_03 | B14: formation_location | C14: Nintendo | D14: In which city did Nintendo begin its playing-card business in 1889? | E14: Kyoto | F14: Kobe | G14: Milwaukee | H14: https://www.nintendo.com/us/about/ | I14: The 1889 history entry places Fusajiro Yamauchi's founding playing-card business in Kyoto. | J14: FULL_TEXT_SUPPORT | K14: 46315 | M14: Nintendo Co., Ltd. | N14: 9e3bf5a60008796696e9 | O14: urn:csra:fresh40:subject:c0a4942143e872cd1ae2 | P14: NO SUBJECT/ALIAS OR FULL UNORDERED TRIPLE MATCH FOUND | Q14: PURPOSIVE_QUALIFICATION_CANDIDATE
A15: F40_formation_location_04 | B15: formation_location | C15: Microsoft | D15: In which city was Microsoft founded in 1975? | E15: Albuquerque | F15: Gothenburg | G15: Kyoto | H15: https://news.microsoft.com/source/emea/2025/04/50-years-of-microsoft-36-years-of-innovation-in-switzerland/ | I15: The company's anniversary account locates its 1975 founding in Albuquerque, rather than later Washington locations. | J15: FULL_TEXT_SUPPORT | K15: 46315 | N15: 07687d84020ece6be58d | O15: urn:csra:fresh40:subject:9fbf261b62c1d7c00db7 | P15: NO SUBJECT/ALIAS OR FULL UNORDERED TRIPLE MATCH FOUND | Q15: PURPOSIVE_QUALIFICATION_CANDIDATE
A16: F40_formation_location_05 | B16: formation_location | C16: Sony | D16: In which city was Sony's predecessor Tokyo Tsushin Kogyo established in 1946? | E16: Tokyo | F16: Gothenburg | G16: Billund | H16: https://www.sony.com/en/SonyInfo/CorporateInfo/History/capsule/03/ | I16: The 1946 founding factory and office of Tokyo Tsushin Kogyo, later Sony, were in Nihonbashi, Tokyo. | J16: FULL_TEXT_SUPPORT | K16: 46315 | M16: Tokyo Tsushin Kogyo; Sony Group Corporation | N16: 9ff9c55b6f2cd73e8e49 | O16: urn:csra:fresh40:subject:587d392b6c7680ec7656 | P16: NO SUBJECT/ALIAS OR FULL UNORDERED TRIPLE MATCH FOUND | Q16: PURPOSIVE_QUALIFICATION_CANDIDATE
A17: F40_formation_location_06 | B17: formation_location | C17: BMW | D17: In which city did BMW originate as an aero-engine manufacturer? | E17: Munich | F17: Gothenburg | G17: Billund | H17: https://www.press.bmwgroup.com/usa/article/detail/T0258828EN_US/the-history-of-the-bmw-group:-100-years-of-fascination-for-mobility?language=en_US | I17: The centenary press kit traces the company to a small aero-engine manufacturer in northern Munich. | J17: FULL_TEXT_SUPPORT | K17: 46315 | M17: Bayerische Motoren Werke; BMW Group | N17: 1062db6d7742a4c4c308 | O17: urn:csra:fresh40:subject:27df9ed9a477af0fcfe3 | P17: NO SUBJECT/ALIAS OR FULL UNORDERED TRIPLE MATCH FOUND | Q17: PURPOSIVE_QUALIFICATION_CANDIDATE
A18: F40_formation_location_07 | B18: formation_location | C18: Volvo | D18: In which city did Volvo begin vehicle production at its founding in 1927? | E18: Gothenburg | F18: Sant’Agata Bolognese | G18: Herzogenaurach | H18: https://www.volvogroup.com/en/about-us/heritage/story-of-volvo.html | I18: The official timeline labels 1927 as Volvo's founding and places its first factory in Gothenburg. | J18: FULL_TEXT_SUPPORT | K18: 46315 | M18: Volvo Group | N18: 1304761bfef5402aa0e7 | O18: urn:csra:fresh40:subject:bccae4ce7be65100a847 | P18: NO SUBJECT/ALIAS OR FULL UNORDERED TRIPLE MATCH FOUND | Q18: PURPOSIVE_QUALIFICATION_CANDIDATE
A19: F40_formation_location_08 | B19: formation_location | C19: Harley-Davidson | D19: In which city was Harley-Davidson founded in 1903? | E19: Milwaukee | F19: Munich | G19: Billund | H19: https://www.harley-davidson.com/us/en/about-us/careers/locations.html | I19: The company explicitly states it was founded in Milwaukee in 1903. | J19: FULL_TEXT_SUPPORT | K19: 46315 | M19: Harley Davidson | N19: d10c0c5a34ca6f55db87 | O19: urn:csra:fresh40:subject:1cf1a7f24ea659b13f42 | P19: NO SUBJECT/ALIAS OR FULL UNORDERED TRIPLE MATCH FOUND | Q19: PURPOSIVE_QUALIFICATION_CANDIDATE
A20: F40_formation_location_09 | B20: formation_location | C20: Onitsuka Co., Ltd. | D20: In which city was Onitsuka Co., Ltd., the predecessor of ASICS, founded in 1949? | E20: Kobe | F20: Albuquerque | G20: Milwaukee | H20: https://corp.asics.com/en/about_asics/history | I20: The 1949 history entry places Onitsuka Shokai and its reorganization as Onitsuka Co., Ltd. in Kobe. This asks about the predecessor, not the 1977 ASICS merger. | J20: FULL_TEXT_SUPPORT | K20: 46315 | M20: Onitsuka; ASICS predecessor | N20: ae5fae140f968b9f8160 | O20: urn:csra:fresh40:subject:97fda0ce461ff3a9c785 | P20: NO SUBJECT/ALIAS OR FULL UNORDERED TRIPLE MATCH FOUND | Q20: PURPOSIVE_QUALIFICATION_CANDIDATE
A21: F40_formation_location_10 | B21: formation_location | C21: Automobili Lamborghini | D21: In which town was Automobili Lamborghini established in 1963? | E21: Sant’Agata Bolognese | F21: Kobe | G21: Albuquerque | H21: https://www.lamborghini.com/en-en/history/milestones | I21: The 1963 milestone explicitly locates establishment of Automobili Lamborghini in Sant'Agata Bolognese. | J21: FULL_TEXT_SUPPORT | K21: 46315 | M21: Lamborghini | N21: 36487dd9ccc7e1e9aa80 | O21: urn:csra:fresh40:subject:f53cad437d2bc1eeaecd | P21: NO SUBJECT/ALIAS OR FULL UNORDERED TRIPLE MATCH FOUND | Q21: PURPOSIVE_QUALIFICATION_CANDIDATE
A22: F40_original_language_01 | B22: original_language | C22: Parasite (2019) | D22: What is the principal language of the original film Parasite (2019), excluding dubbed versions? | E22: Korean | F22: Spanish | G22: Italian | H22: https://www.criterion.com/films/30619-parasite | I22: The distributor's Film Info language field lists Korean. Review the original film, excluding dubbed editions. | J22: FULL_TEXT_SUPPORT | K22: 46315 | M22: Parasite | N22: d5a4a95ff4542a65e647 | O22: urn:csra:fresh40:subject:2320a5ed091d5d7a743a | P22: NO SUBJECT/ALIAS OR FULL UNORDERED TRIPLE MATCH FOUND | Q22: PURPOSIVE_QUALIFICATION_CANDIDATE
A23: F40_original_language_02 | B23: original_language | C23: Seven Samurai (1954) | D23: What is the principal language of the original film Seven Samurai (1954), excluding dubbed versions? | E23: Japanese | F23: Bengali | G23: Italian | H23: https://www.criterion.com/films/165-seven-samurai | I23: The distributor's Film Info language field lists Japanese. Review the original film, excluding dubbed editions. | J23: FULL_TEXT_SUPPORT | K23: 46315 | M23: Seven Samurai | N23: ace4074aea6d06a1b82d | O23: urn:csra:fresh40:subject:5785bd7e52d23144e996 | P23: NO SUBJECT/ALIAS OR FULL UNORDERED TRIPLE MATCH FOUND | Q23: PURPOSIVE_QUALIFICATION_CANDIDATE
A24: F40_original_language_03 | B24: original_language | C24: The 400 Blows (1959) | D24: What is the principal language of the original film The 400 Blows (1959), excluding dubbed versions? | E24: French | F24: Spanish | G24: Bengali | H24: https://www.criterion.com/films/151-the-400-blows | I24: The distributor's Film Info language field lists French. Review the original film, excluding dubbed editions. | J24: FULL_TEXT_SUPPORT | K24: 46315 | M24: The 400 Blows | N24: c2e4ee013b535de1b1df | O24: urn:csra:fresh40:subject:6bcd59877c7c20f7cfe9 | P24: NO SUBJECT/ALIAS OR FULL UNORDERED TRIPLE MATCH FOUND | Q24: PURPOSIVE_QUALIFICATION_CANDIDATE
A25: F40_original_language_04 | B25: original_language | C25: M (1931) | D25: What is the principal language of the original film M (1931), excluding dubbed versions? | E25: German | F25: Korean | G25: Russian | H25: https://www.criterion.com/films/558-m | I25: The distributor's Film Info language field lists German. Review the original film, excluding dubbed editions. The release also contains a separate English-language version as a supplement; confirm the principal language of the original version. | J25: FULL_TEXT_SUPPORT | K25: 46315 | M25: M | N25: d94919c94d0047bebc94 | O25: urn:csra:fresh40:subject:25107fb0c6860fe0e8c6 | P25: NO SUBJECT/ALIAS OR FULL UNORDERED TRIPLE MATCH FOUND | Q25: PURPOSIVE_QUALIFICATION_CANDIDATE
A26: F40_original_language_05 | B26: original_language | C26: Pan’s Labyrinth (2006) | D26: What is the principal language of the original film Pan’s Labyrinth (2006), excluding dubbed versions? | E26: Spanish | F26: Swedish | G26: Japanese | H26: https://www.criterion.com/films/28948-pan-s-labyrinth | I26: The distributor's Film Info language field lists Spanish. Review the original film, excluding dubbed editions. | J26: FULL_TEXT_SUPPORT | K26: 46315 | M26: Pan’s Labyrinth | N26: 9798e43bcb18b325257a | O26: urn:csra:fresh40:subject:452c4d77cfe6e53c993a | P26: NO SUBJECT/ALIAS OR FULL UNORDERED TRIPLE MATCH FOUND | Q26: PURPOSIVE_QUALIFICATION_CANDIDATE
A27: F40_original_language_06 | B27: original_language | C27: The Seventh Seal (1957) | D27: What is the principal language of the original film The Seventh Seal (1957), excluding dubbed versions? | E27: Swedish | F27: Bengali | G27: Russian | H27: https://www.criterion.com/films/173-the-seventh-seal | I27: The distributor's Film Info language field lists Swedish. Review the original film, excluding dubbed editions. | J27: FULL_TEXT_SUPPORT | K27: 46315 | M27: The Seventh Seal | N27: b625285105f19656e295 | O27: urn:csra:fresh40:subject:ce2437663c82095549c8 | P27: NO SUBJECT/ALIAS OR FULL UNORDERED TRIPLE MATCH FOUND | Q27: PURPOSIVE_QUALIFICATION_CANDIDATE
... A31: F40_original_language_10 | B31: original_language | C31: Citizen Kane (1941) | D31: What is the principal language of the original film Citizen Kane (1941), excluding dubbed versions? | E31: English | F31: Bengali | G31: Spanish | H31: https://www.criterion.com/films/32250-citizen-kane | I31: The distributor's Film Info language field lists English. Review the original film, excluding dubbed editions. | J31: FULL_TEXT_SUPPORT | K31: 46315 | M31: Citizen Kane | N31: 4d92b9513215879327bd | O31: urn:csra:fresh40:subject:97ef31480a902a25ad66 | P31: NO SUBJECT/ALIAS OR FULL UNORDERED TRIPLE MATCH FOUND | Q31: PURPOSIVE_QUALIFICATION_CANDIDATE
A32: F40_original_network_01 | B32: original_network | C32: Breaking Bad | D32: On which television network did Breaking Bad originally air in the United States? | E32: AMC | F32: Fox | G32: ABC | H32: https://www.amcglobalmedia.com/2008/05/07/amc-renews-critically-acclaimed-original-series-breaking-bad-for-a-second-season/ | I32: Contemporaneous renewal release explicitly states season one premiered on AMC in January 2008. | J32: FULL_TEXT_SUPPORT | K32: 46315 | N32: e8c4d2ef090f5d4583c1 | O32: urn:csra:fresh40:subject:eccbfe16a2d49aac6450 | P32: NO SUBJECT/ALIAS OR FULL UNORDERED TRIPLE MATCH FOUND | Q32: PURPOSIVE_QUALIFICATION_CANDIDATE
A33: F40_original_network_02 | B33: original_network | C33: Mad Men | D33: On which television network did Mad Men originally air in the United States? | E33: AMC | F33: Fox | G33: CBS | H33: https://www.amcglobalmedia.com/2008/09/21/emmys-go-mad-and-bad-for-amc/ | I33: The 2008 release explicitly says Mad Men debuted on AMC in July 2007. | J33: FULL_TEXT_SUPPORT | K33: 46315 | N33: 5f5b80bf254a66ebf6b0 | O33: urn:csra:fresh40:subject:dcb8883f0de313124ba0 | P33: NO SUBJECT/ALIAS OR FULL UNORDERED TRIPLE MATCH FOUND | Q33: PURPOSIVE_QUALIFICATION_CANDIDATE
A34: F40_original_network_03 | B34: original_network | C34: The Walking Dead (2010 television series) | D34: On which television network did The Walking Dead (2010 television series) originally air in the United States? | E34: AMC | F34: HBO | G34: Starz | H34: https://www.amcglobalmedia.com/2010/11/08/amc-resurrects-the-walking-dead-for-a-second-season/ | I34: Contemporaneous release identifies the original episode-one broadcast on AMC. International Fox broadcasts are outside the US question. | J34: FULL_TEXT_SUPPORT | K34: 46315 | M34: The Walking Dead | N34: 1ec025e6c957b44b2202 | O34: urn:csra:fresh40:subject:1b3697e018e7cb582eb3 | P34: NO SUBJECT/ALIAS OR FULL UNORDERED TRIPLE MATCH FOUND | Q34: PURPOSIVE_QUALIFICATION_CANDIDATE
A35: F40_original_network_04 | B35: original_network | C35: The Sopranos | D35: On which television network did The Sopranos originally air in the United States? | E35: HBO | F35: AMC | G35: CBS | H35: https://www.hbo.com/series | I35: HBO's original-series catalogue includes The Sopranos. Dedicated 1999 show page was indexed but blocked during full retrieval. Corroborate original US broadcaster rather than current streaming availability. | J35: CATALOG_SUPPORT_CHECK_ORIGINAL_RUN | K35: 46315 | L35: https://www.hbo.com/the-sopranos | N35: 5592298a5edeb9e0be15 | O35: urn:csra:fresh40:subject:1ebdb23d3aa31ff63d5d | P35: NO SUBJECT/ALIAS OR FULL UNORDERED TRIPLE MATCH FOUND | Q35: PURPOSIVE_QUALIFICATION_CANDIDATE
A36: F40_original_network_05 | B36: original_network | C36: The Wire | D36: On which television network did The Wire originally air in the United States? | E36: HBO | F36: Showtime | G36: CBS | H36: https://www.hbo.com/series | I36: HBO's original-series catalogue includes The Wire. Dedicated 2002 show page was indexed but blocked during full retrieval. Corroborate original US broadcaster rather than current streaming availability. | J36: CATALOG_SUPPORT_CHECK_ORIGINAL_RUN | K36: 46315 | L36: https://www.hbo.com/the-wire | N36: 093b250630e60d97d006 | O36: urn:csra:fresh40:subject:2da82ec20f880f6f9983 | P36: NO SUBJECT/ALIAS OR FULL UNORDERED TRIPLE MATCH FOUND | Q36: PURPOSIVE_QUALIFICATION_CANDIDATE
A37: F40_original_network_06 | B37: original_network | C37: Friends | D37: On which television network did Friends originally air in the United States? | E37: NBC | F37: FX | G37: CBS | H37: https://www.nbcuniversal.com/history/1990 | I37: The official 1994 timeline entry explicitly identifies the series premiere on NBC. | J37: FULL_TEXT_SUPPORT | K37: 46315 | N37: 0f82e15306f8cc17aaa0 | O37: urn:csra:fresh40:subject:2e4b9cc2428beb7bff6a | P37: NO SUBJECT/ALIAS OR FULL UNORDERED TRIPLE MATCH FOUND | Q37: PURPOSIVE_QUALIFICATION_CANDIDATE
A38: F40_original_network_07 | B38: original_network | C38: Seinfeld | D38: On which television network did Seinfeld originally air in the United States? | E38: NBC | F38: Showtime | G38: HBO | H38: https://www.nbcuniversal.com/history/1980 | I38: The official 1989 timeline labels the debut of NBC's Seinfeld pilot, The Seinfeld Chronicles. | J38: FULL_TEXT_SUPPORT | K38: 46315 | M38: The Seinfeld Chronicles | N38: 8213947b0e9f44b9f5c8 | O38: urn:csra:fresh40:subject:0c957e9f09a2444a8868 | P38: NO SUBJECT/ALIAS OR FULL UNORDERED TRIPLE MATCH FOUND | Q38: PURPOSIVE_QUALIFICATION_CANDIDATE
A39: F40_original_network_08 | B39: original_network | C39: The Office (US television series) | D39: On which television network did The Office (US television series) originally air in the United States? | E39: NBC | F39: Fox | G39: Showtime | H39: https://www.nbcuniversal.com/article/celebrating-20-years-office | I39: The anniversary article identifies the 2005 US premiere and original NBC run. The UK original is a different series. | J39: FULL_TEXT_SUPPORT | K39: 46315 | M39: The Office US; The Office (American TV series) | N39: a7ca099ada9015f80fa4 | O39: urn:csra:fresh40:subject:c25b34a532e4a725f6f4 | P39: NO SUBJECT/ALIAS OR FULL UNORDERED TRIPLE MATCH FOUND | Q39: PURPOSIVE_QUALIFICATION_CANDIDATE
A40: F40_original_network_09 | B40: original_network | C40: The Big Bang Theory | D40: On which television network did The Big Bang Theory originally air in the United States? | E40: CBS | F40: ABC | G40: FX | H40: https://www.paramountpressexpress.com/cbs-entertainment/releases/?view=15924 | I40: The original 2007-2008 CBS schedule announces this as a new series; the later official retrospective confirms the 2007 CBS run. | J40: FULL_TEXT_SUPPORT | K40: 46315 | L40: https://www.paramountpressexpress.com/nickelodeon/shows/nick-at-nite/releases/?view=110772-paramount-adds-the-big-bang-theory-to-nick-at-nite-and-mtv-lineups | N40: 3579e985c119a5931762 | O40: urn:csra:fresh40:subject:b13f36d3fdfce8f67047 | P40: NO SUBJECT/ALIAS OR FULL UNORDERED TRIPLE MATCH FOUND | Q40: PURPOSIVE_QUALIFICATION_CANDIDATE
A41: F40_original_network_10 | B41: original_network | C41: The Good Wife | D41: On which television network did The Good Wife originally air in the United States? | E41: CBS | F41: HBO | G41: Starz | H41: https://www.paramountpressexpress.com/cbs-entertainment/releases/?view=22957 | I41: The October 2009 CBS release identifies this as a new series in its premiere weeks and explicitly lists CBS as its broadcaster. | J41: FULL_TEXT_SUPPORT | K41: 46315 | L41: https://www.paramountpressexpress.com/cbs-entertainment/releases/?view=21839 | N41: 1a112cda1392dd5a80d2 | O41: urn:csra:fresh40:subject:6a3b68a6b68655bc3e49 | P41: NO SUBJECT/ALIAS OR FULL UNORDERED TRIPLE MATCH FOUND | Q41: PURPOSIVE_QUALIFICATION_CANDIDATE

Sheet Readme
A2: How to review the candidate facts
A4: Purpose | B4: Forty candidates for a prospective development qualification: ten software-developer facts, ten founding-location facts, ten original-film-language facts and ten first-US-network facts. This is not a final population sample or a Colab execution package.
A5: Your next action | B5: On Review, check the exact question and source (copy its URL into a browser), confirm P and that C/I are false for that question, then choose APPROVE, REVISE or REJECT. Enter your actual name and a real Excel date. Explain corrections or missing evidence in Notes. Return the workbook after review.
A6: What APPROVE means | B6: The fact and alternatives are suitable for the qualification test. It does not approve a journal claim or certify novelty. No approval is prefilled. The workbook counts a row as REVIEWED only after APPROVE plus a reviewer name and numeric date.
A7: Actual reviewers | B7: Only actual review work may be reported. One documented author review can be recorded for this development screen. If another reviewer also checks a row, name them and record their separate decision/date in Notes. Do not describe author-only checking as independent agreement. Resolve all disagreements before the protocol freeze.
A8: Two origin checks | B8: The Sopranos and The Wire have catalogue support from HBO. Their individual series pages were indexed but not fully retrievable during this check. Confirm the original US broadcaster with a dated primary record or another suitable authoritative source before approval. Secondary links appear in Facts.
A9: Other close checks | B9: For M (1931), exclude the separate English-language version. For curl, distinguish the curl project from the earlier HttpGet lineage. For Git/scikit-learn/pandas, the question concerns the person who initiated development. For Sony and Onitsuka, keep the stated predecessor/year. For The Office, use the American version.
A10: Correcting a record | B10: Put proposed corrections and a supporting URL in Review Notes. Keep the source snapshot in Facts intact until the correction is applied deliberately. If a fact, question or answer changes, its review and overlap checks must be repeated before any run.
A11: Selection | B11: These are purposively chosen, recognisable facts with available primary or distributor sources. Software and companies dominate the first two relations; films and US programmes dominate the others. This differs from the historical convenience sample. Fresh performance will measure transfer to this qualification set, not universal generalisation. No items were selected using fresh model responses.
A12: Alternative construction | B12: Within each relation, C and I were selected from an explicit pool of other answer entities using SHA256 order with seed 20261020. Full unordered answer triples already in old100 or another new candidate were skipped. This is outcome-blind collision avoidance, not random representative sampling. Human reviewers still assess whether alternatives are false, well-typed and plausible.
A13: Overlap result | B13: The machine screen found 40 distinct normalised subjects and 40 distinct full unordered answer triples. None matched the old100 subjects/declared aliases or full unordered triples. Individual answer names and broad topics can recur. This does not establish complete semantic or statistical independence.
A14: Identifiers | B14: Facts uses newly created internal URNs for subject IDs, not asserted Wikidata identifiers. An explicit name/alias check was applied separately. Entity resolution against older corpora should retain both names and external identifiers when available.
A15: Historical input SHA256 | B15: 26f06e2e5130de6a1af8e048a076789b3d964f35015f59e3ad9c1067fb1c313e
... A21: Method | B21: The principal-language and original-developer wording clarify version/contributor scope. Review the relation-specific document templates before freezing so that the source intervention answers the same question. These wordings are draft, not retrospectively preregistered.
